"term","df","sumsq","meansq","statistic","p.value","metric"
"tank",4,27.9773587301587,6.99433968253968,24.8487615964856,1.07790813417081e-06,"temp.C"
"Residuals",16,4.50362222222222,0.281476388888889,NA,NA,"temp.C"
"tank",4,0.0160944418984308,0.0040236104746077,0.802916452077528,0.540965136264163,"pH.total"
"Residuals",16,0.0801799084165572,0.00501124427603482,NA,NA,"pH.total"
"tank",4,0.211939682539685,0.0529849206349214,1.84795305450217,0.169035322973144,"sal.psu"
"Residuals",16,0.458755555555564,0.0286722222222227,NA,NA,"sal.psu"
"tank",4,386613.111111111,96653.2777777778,3.35207705835686,0.035679425363244,"par"
"Residuals",16,461341.555555555,28833.8472222222,NA,NA,"par"
