"term","df","sumsq","meansq","statistic","p.value","metric"
"tank",4,51.1416337662338,12.7854084415584,26.1436838981143,2.89549911313996e-08,"temp.C"
"Residuals",23,11.2480090909091,0.489043873517788,NA,NA,"temp.C"
"tank",4,0.0181215649210888,0.00453039123027221,0.888755281732236,0.48634016297284,"pH.total"
"Residuals",23,0.117241495423994,0.00509745632278237,NA,NA,"pH.total"
"tank",4,0.377035064935069,0.0942587662337671,3.39625273895824,0.0253346985184333,"sal.psu"
"Residuals",23,0.638336363636364,0.0277537549407115,NA,NA,"sal.psu"
"tank",4,621386.538961039,155346.63474026,4.27945847871404,0.00983672183100645,"par"
"Residuals",23,834912.318181818,36300.5355731225,NA,NA,"par"
