"term","df","sumsq","meansq","statistic","p.value","metric"
"tank",10,63.9672809935897,6.39672809935897,4.91192751139464,4.94809694432819e-05,"temp.C"
"Residuals",54,70.3233743910256,1.30228471094492,NA,NA,"temp.C"
"tank",10,0.317474403786119,0.0317474403786119,1.97165789763175,0.0549908364811731,"pH.total"
"Residuals",54,0.86950265687787,0.0161019010532939,NA,NA,"pH.total"
"tank",10,1.81407769230768,0.181407769230768,2.93034100800968,0.00524989586154698,"sal.psu"
"Residuals",54,3.34296230769232,0.0619067094017096,NA,NA,"sal.psu"
"tank",10,626176.810526316,62617.6810526316,1.92411428856067,0.0658930065682984,"par"
"Residuals",46,1497007.4,32543.6391304348,NA,NA,"par"
