"term","df","sumsq","meansq","statistic","p.value","metric"
"tank",1,0.645159999999995,0.645159999999995,1.86610745534745,0.209084504021365,"temp.C"
"Residuals",8,2.7658,0.345725,NA,NA,"temp.C"
"tank",1,0.00400556075828884,0.00400556075828884,5.12811164583391,0.0533436136849765,"pH.total"
"Residuals",8,0.00624878869248952,0.000781098586561189,NA,NA,"pH.total"
"tank",1,0.00483999999999992,0.00483999999999992,0.115803325756667,0.742394619879789,"sal.psu"
"Residuals",8,0.334360000000002,0.0417950000000002,NA,NA,"sal.psu"
"tank",1,33177.6,33177.6,0.881577601313694,0.375248768411524,"par"
"Residuals",8,301074.8,37634.35,NA,NA,"par"
