"term","df","sumsq","meansq","metric"
"tank",1,0.12005,0.12005,"temp.C"
"tank",1,0.000670982906410921,0.000670982906410921,"pH.total"
"tank",1,0.00405000000000031,0.00405000000000031,"sal.psu"
"tank",1,50,50,"par"
