tank,par_mean,par_sd,pH.total_mean,pH.total_sd,sal.psu_mean,sal.psu_sd,temp.C_mean,temp.C_sd
blue tank,346,228.5716517856053,7.977038706593307,0.03627458286875636,35.788000000000004,0.23583892808440257,28.186,0.6857696406228561
water table,230.8,151.73562534882836,8.017066500728326,0.015695598453709624,35.832,0.1672423391369559,27.678,0.4702871463265819
