tank,par_mean,par_sd,pH.total_mean,pH.total_sd,sal.psu_mean,sal.psu_sd,temp.C_mean,temp.C_sd
blue tank,282.90909090909093,236.27291615648824,7.993945371993137,0.04390077913234308,35.79181818181818,0.1780908858879749,28.130909090909093,0.6465362255195692
tank1,586,8.48528137423857,8.068258112340388,0.003109889019173419,36.07,0.028284271247466325,27.065,0.049497474683058526
tank2,589,9.899494936611665,8.02970921588431,0.06254960821642037,36.005,0.07778174593051983,28.54,2.0930360723121813
tank3,590.5,0.7071067811865476,7.942769505520776,0.02112238834516123,36.135000000000005,0.10606601717798113,32.955,0.03535533905932537
water table,193.9090909090909,166.28075928708924,8.004687073803701,0.09674731580389437,35.79545454545455,0.17408984096515517,27.667272727272728,0.518017198731681
