tank,par_mean,par_sd,pH.total_mean,pH.total_sd,sal.psu_mean,sal.psu_sd,temp.C_mean,temp.C_sd
blue tank,271,347.8965363437814,8.001767369295562,0.0035409773411620472,36.03,0.11313708498984519,28.32,0.6788225099390862
water table,195.5,255.26554800834364,8.027322631736787,0.01920705409984519,35.985,0.049497474683058526,27.855,0.7141778489984116
