tank,par_mean,par_sd,pH.total_mean,pH.total_sd,sal.psu_mean,sal.psu_sd,temp.C_mean,temp.C_sd
blue tank,266.3333333333333,199.8524455692249,7.977999036737364,0.028784894258228957,35.757777777777775,0.180192797981619,27.975555555555555,0.6074148317071112
tank1,592,NA,8.070457135954582,NA,36.09,NA,27.1,NA
tank2,596,NA,8.073938468014703,NA,35.95,NA,27.06,NA
tank3,591,NA,7.957705289554495,NA,36.06,NA,32.93,NA
water table,179.22222222222223,133.14163302455188,7.984568177848487,0.09588492277001757,35.75,0.15771810295587618,27.52,0.44045431091090437
